{"configs_key":{"SENTRY_WHITELIST_USERS":"[\"123test123\"]","amazon_color":"4294638330","amazon_icon_url":"gs:\/\/teleparty-mobile.appspot.com\/public\/assets\/mobile_amazon_active.png","amazon_login_url":"dynamic","amazon_min_version_code":"326","amazon_min_version_code_ios":"1","amazon_name":"Amazon Prime Video","amazon_status":"3","crunchyroll_color":"4294638330","crunchyroll_icon_url":"gs:\/\/teleparty-mobile.appspot.com\/public\/assets\/mobile_crunchyroll_active.png","crunchyroll_login_url":"https:\/\/sso.crunchyroll.com\/login","crunchyroll_min_version_code":"277","crunchyroll_name":"Crunchyroll","crunchyroll_status":"3","disney_color":"4278324800","disney_icon_url":"gs:\/\/teleparty-mobile.appspot.com\/public\/assets\/mobile_disneyplus_active2.png","disney_login_url":"https:\/\/www.disneyplus.com\/login","disney_min_version_code":"200","disney_name":"Disney+","disney_status":"3","espn_color":"4294638330","espn_icon_url":"gs:\/\/teleparty-mobile.appspot.com\/public\/assets\/mobile_espn_active.png","espn_name":"ESPN","espn_status":"0","hotstar_color":"-1","hotstar_icon_url":"gs:\/\/teleparty-mobile.appspot.com\/public\/assets\/mobile_hotstar_active.png","hotstar_login_url":"https:\/\/www.hotstar.com\/in\/onboarding\/login","hotstar_min_version_code":"1","hotstar_name":"Jio Hotstar","hotstar_status":"0","hulu_color":"4278190080","hulu_icon_url":"gs:\/\/teleparty-mobile.appspot.com\/public\/assets\/mobile_hulu_active2.png","hulu_login_url":"https:\/\/auth.hulu.com\/web\/login","hulu_min_version_code":"108","hulu_name":"Hulu","hulu_status":"3","icon_set_general":"[\"alien\",\"chocobar\",\"cptamerica\",\"batman\",\"chickenleg\",\"cinderella\",\"cookie\",\"deadpool\",\"goofy\",\"hamburger\",\"hotdog\",\"icecream\",\"ironman\",\"mulan\",\"pizza\",\"poohbear\",\"popcorn\",\"sailor cat\",\"sailormoon\",\"sailorsaturn\",\"snow-white\",\"ufo\",\"wolverine\",\"wonderwomen\"]","icon_sets_enabled":"[\"general\"]","logging_allowed_user_ids":"[\"13520670-f6d3-4fcf-b271-87718249f856\"]","max_color":"4278190080","max_icon_url":"gs:\/\/teleparty-mobile.appspot.com\/public\/assets\/mobile_hbo_active.png","max_login_url":"https:\/\/auth.max.com\/login","max_min_version_code":"303","max_name":"MAX","max_status":"3","msl_url_licenses":"https:\/\/www.netflix.com\/nq\/msl_v1\/cadmium\/pbo_licenses\/%5E1.0.0\/router","msl_url_manifests":"https:\/\/www.netflix.com\/msl\/playapi\/cadmium\/licensedmanifest\/1?reqAttempt=1&reqName=prefetch\/licensedManifest&clienttype=akira&uiversion=vc3b8d889","netflix_color":"4278190080","netflix_icon_url":"gs:\/\/teleparty-mobile.appspot.com\/public\/assets\/mobile_netflix_active2.png","netflix_login_url":"https:\/\/netflix.com\/login","netflix_min_version_code":"456","netflix_name":"Netflix","netflix_status":"3","paramount_color":"4278214644","paramount_icon_url":"gs:\/\/teleparty-mobile.appspot.com\/public\/assets\/mobile_paramount_active.png","paramount_login_url":"https:\/\/www.paramountplus.com\/account\/signin\/","paramount_name":"Paramount Plus","paramount_status":"3","providers_all":"[\"NETFLIX\", \"DISNEY\", \"HULU\", \"MAX\", \"AMAZON\", \"CRUNCHYROLL\", \"PARAMOUNT\",\"YOUTUBE\"]","teleparty_class":"com.google.android.recaptcha.internal.zzcj","teleparty_package":"com.netflix.mediaclient","teleparty_site_key":"6LeWeOoUAAAAAJB9vW-OBEYmBwbF9R7PILe6U_ML","youtube_color":"4294638330","youtube_icon_url":"gs:\/\/teleparty-mobile.appspot.com\/public\/assets\/mobile_youtube_active.png","youtube_login_url":"https:\/\/www.youtube.com\/","youtube_name":"YouTube","youtube_status":"0"},"fetch_time_key":1764627114693,"abt_experiments_key":[],"personalization_metadata_key":{},"template_version_number_key":175,"rollout_metadata_key":[]}