{"configs_key":{"platforms_all":"[\"netflix\"]","netflix_name":"Netflix","msl_url_manifests":"https:\/\/www.netflix.com\/msl\/playapi\/cadmium\/licensedmanifest\/1?reqAttempt=1&reqName=prefetch\/licensedManifest&clienttype=akira&uiversion=vc3b8d889","netflix_color":"4293200148","icon_set_general":"[\"alien\",\"chocobar\",\"cptamerica\",\"batman\",\"chickenleg\",\"cinderella\",\"cookie\",\"deadpool\",\"goofy\",\"hamburger\",\"hotdog\",\"icecream\",\"ironman\",\"mulan\",\"pizza\",\"poohbear\",\"popcorn\",\"sailor cat\",\"sailormoon\",\"sailorsaturn\",\"snow-white\",\"ufo\",\"wolverine\",\"wonderwomen\"]","icon_sets_enabled":"[\"general\"]","netflix_icon_url":"gs:\/\/teleparty-mobile.appspot.com\/public\/assets\/mobile_netflix_active.png","netflix_status":"3","netflix_login_url":"https:\/\/netflix.com\/login","msl_url_licenses":"https:\/\/www.netflix.com\/nq\/msl_v1\/cadmium\/pbo_licenses\/%5E1.0.0\/router"},"fetch_time_key":0,"abt_experiments_key":[],"personalization_metadata_key":{},"template_version_number_key":0,"rollout_metadata_key":[]}