{"Fid":"fesxp7dQRXe4SLFnq6hfdE","Status":3,"AuthToken":"eyJhbGciOiJFUzI1NiIsInR5cCI6IkpXVCJ9.eyJhcHBJZCI6IjE6OTYxOTc0NjY1OTgwOmFuZHJvaWQ6Y2VhYzhmYjhkNDNiOGM5Y2ViOGQ3OSIsImV4cCI6MTc2NTIzMTkxNSwiZmlkIjoiZmVzeHA3ZFFSWGU0U0xGbnE2aGZkRSIsInByb2plY3ROdW1iZXIiOjk2MTk3NDY2NTk4MH0.AB2LPV8wRAIgQ_HHGU-nFeZo6Nq79Ohvlshjx1GUUhNCJ59Crmb5uyACIDlYD6MC5QeShXBFGEB-jyVDU7RSQNy0sjqtymJ20zRr","RefreshToken":"3_AS3qfwLeXHdNDrr17l83dl67MvtgiuZ8Qh8U_HHgSir1QnUVZ2UIKI56YqE5endsU1FDWBzazuYOTZK-SRScjyzCGEznoddzgK6OgMH4OtCSkg","TokenCreationEpochInSecs":1764627114,"ExpiresInSecs":604800}