{"Fid":"enm4maGySSWav0wAp4ER6R","Status":3,"AuthToken":"eyJhbGciOiJFUzI1NiIsInR5cCI6IkpXVCJ9.eyJhcHBJZCI6IjE6NDk0NTk3NDQ1MDE0OmFuZHJvaWQ6Nzc5ZDc5Zjc1MTgzYmY2NSIsImV4cCI6MTc2NTE5NDgwMiwiZmlkIjoiZW5tNG1hR3lTU1dhdjB3QXA0RVI2UiIsInByb2plY3ROdW1iZXIiOjQ5NDU5NzQ0NTAxNH0.AB2LPV8wRAIgYWUNwoUbEX1IgBqV6EEj4JVtIDEArpj0FrtsFzziuLYCIHoLHwTmNQBwv8OaNjJmRYHerF4z7X0svmYG0-gM6P-s","RefreshToken":"3_AS3qfwJLFBx3pLrykEUM0v2601RxkN-V-hoLfNuZVQ_zz-pRbI6vWv25EUoSMsKdEtpLVj7QGT5aDfU-ZnKzB2Gh1-JaA_3NLDwHL8I6r_5PVA","TokenCreationEpochInSecs":1764590002,"ExpiresInSecs":604800}