<?xml version='1.0' encoding='utf-8' standalone='yes' ?>
<map>
    <boolean name="bg_startup_tracing" value="false" />
    <string name="providerDefault">NETFLIX</string>
    <int name="debugExpireTime" value="1764886397" />
    <boolean name="hasLaunchedNetflix" value="true" />
    <string name="userId">b49a3aaa-a92c-4964-be5d-3a1d57d40555</string>
    <boolean name="debugMode" value="false" />
    <string name="providerAccountsMap">{&quot;NETFLIX&quot;:{&quot;encryptedPassword&quot;:&quot;tNfjY0NnC5X8qCaOq71WrpWcMnTWRKZQJkz5zjt++AsB&quot;,&quot;metadata&quot;:{&quot;needsProfilesGate&quot;:false},&quot;username&quot;:&quot;juanhopey52732@gmail.com&quot;}}</string>
</map>
