<?xml version='1.0' encoding='utf-8' standalone='yes' ?>
<map>
    <long name="first_open_time" value="1764627110700" />
    <string name="gmp_app_id">1:961974665980:android:ceac8fb8d43b8c9ceb8d79</string>
    <string name="app_instance_id">75fda7c1ba26d7674a3dfe2c91d8fb9c</string>
    <long name="session_id" value="1764627111" />
    <boolean name="app_backgrounded" value="false" />
    <long name="health_monitor:start" value="1764627111521" />
    <boolean name="use_service" value="true" />
    <boolean name="deferred_analytics_collection" value="false" />
    <string name="previous_os_version">13</string>
    <boolean name="has_been_opened" value="true" />
    <boolean name="allow_remote_dynamite" value="true" />
    <long name="last_pause_time" value="1764627197533" />
    <boolean name="start_new_session" value="false" />
</map>
