<?xml version='1.0' encoding='utf-8' standalone='yes' ?>
<map>
    <set name="device-name/2036iC device-brand/vivo device-model/2036 fire-transport/18.2.0 android-min-sdk/26 fire-installations/18.0.0 fire-rc/22.0.1 kotlin/2.2.0 fire-auth/23.1.0 fire-app-check/18.0.0 fire-abt/21.1.1 fire-android/33 fire-gcs/21.0.1 fire-core/21.0.0 fire-core-ktx/21.0.0 fire-fcm/24.0.3 android-installer/com.google.android.packageinstaller fire-analytics/22.1.2 android-platform/ android-target-sdk/35">
        <string>2025-12-01</string>
    </set>
    <long name="fire-count" value="1" />
    <string name="last-used-date">2025-12-01</string>
    <long name="fire-global" value="1764627112079" />
</map>
