<?xml version='1.0' encoding='utf-8' standalone='yes' ?>
<map>
    <int name="num_failed_realtime_streams" value="0" />
    <long name="fetch_timeout_in_seconds" value="60" />
    <long name="last_template_version" value="175" />
    <long name="realtime_backoff_end_time_in_millis" value="-1" />
    <int name="last_fetch_status" value="-1" />
    <long name="minimum_fetch_interval_in_seconds" value="3600" />
    <string name="last_fetch_etag">etag-961974665980-firebase-fetch-672261827</string>
    <long name="backoff_end_time_in_millis" value="-1" />
    <long name="last_fetch_time_in_millis" value="1764627114693" />
    <int name="num_failed_fetches" value="0" />
</map>
