<?xml version='1.0' encoding='utf-8' standalone='yes' ?>
<map>
    <long name="first_open_time" value="1764590000599" />
    <string name="gmp_app_id">1:494597445014:android:779d79f75183bf65</string>
    <string name="app_instance_id">07824875f61dc366a31e635426a97940</string>
    <long name="session_id" value="1764590002" />
    <boolean name="app_backgrounded" value="false" />
    <long name="health_monitor:start" value="1764590001989" />
    <boolean name="use_service" value="true" />
    <boolean name="deferred_analytics_collection" value="false" />
    <string name="previous_os_version">13</string>
    <boolean name="has_been_opened" value="true" />
    <boolean name="allow_remote_dynamite" value="true" />
    <long name="last_pause_time" value="1764590097520" />
    <boolean name="start_new_session" value="false" />
</map>
